"rh","R","A","Q"
"5:::Runners-up:::6:::Winners:::Final:::Result","[[West Indies won by 17 runs Scorecard, London, Australia274 all out (58.4 overs), 1975, West Indies291/8 (60 overs), England], [West Indies won by 92 runs Scorecard, London, England194 all out (51 overs), 1979, West Indies286/9 (60 overs), England], [India won by 43 runs Scorecard, London, West Indies140 all out (52 overs), 1983, India183 all out (54.4 overs), England [a], [Australia won by 7 runs Scorecard, Kolkata, England246/8 (50 overs), 1987, Australia253/5 (50 overs), India Pakistan], [Pakistan won by 22 runs Scorecard, Melbourne, England227 all out (49.2 overs), 1992, Pakistan249/6 (50 overs), Australia New Zealand], [Sri Lanka won by 7 wickets Scorecard, Lahore, Australia241/7 (50 overs), 1996, Sri Lanka245/3 (46.2 overs), Pakistan India Sri Lanka], [Australia won by 8 wickets Scorecard, London, Pakistan132 all out (39 overs), 1999, Australia133/2 (20.1 overs), England Wales [b], [Australia won by 125 runs Scorecard, Johannesburg, India234 all out (39.2 overs), 2003, Australia359/2 (50 overs), South Africa [c], [Australia won by 53 runs (D/L) Scorecard, Bridgetown, Sri Lanka215/8 (36 overs), 2007, Australia281/4 (38 overs), West Indies [d], [India won by 6 wickets Scorecard, Mumbai, Sri Lanka274/6 (50 overs), 2011, India277/4 (48.2 overs), India Sri Lanka Bangladesh], [Australia won by 7 wicketsScorecard, Melbourne, New Zealand183 all out (45 overs), 2015, Australia186/3 (33.1 overs), Australia New Zealand], [England won on the boundary count back ruleScorecard, London, New Zealand241/8 (50 overs)15/1 (super over)14 fours, 3 sixes, 2019, England241 all out (50 overs)15/0 (super over)23 fours, 3 sixes, England Wales]]",":::2023:::India","Table Caption===:::Section Title===Results:::Page Title===Cricket World Cup:::url===https://en.wikipedia.org/wiki/Cricket_World_Cup"
"11:::12:::13:::2023 (10):::1:::2:::3:::4:::5:::6:::7:::8:::9:::10","[[, GP, GP, , Afghanistan, , , , , , , , , ], [QF, W, SF, , Australia, RU, GP, GP, W, GP, RU, W, W, W], [GP, QF, GP, , Bangladesh, , , , , , , GP, GP, S8], [, , , , Bermuda, , , , , , , , , GP], [GP, , , , Canada, , GP, , , , , , GP, GP], [, , , , East Africa†, GP, , , , , , , , ], [QF, GP, W, , England, SF, RU, SF, RU, RU, QF, GP, GP, S8], [W, SF, SF, Q, India, GP, GP, W, SF, GP, SF, S6, RU, GP], [GP, GP, , , Ireland, , , , , , , , , S8], [GP, , , , Kenya, , , , , , GP, GP, SF, GP], [, , , , Namibia, , , , , , , , GP, ], [GP, , , , Netherlands, , , , , , GP, , GP, GP], [SF, RU, RU, , New Zealand, SF, SF, GP, GP, SF, QF, SF, S6, SF], [SF, QF, GP, , Pakistan, GP, SF, SF, SF, W, QF, RU, GP, GP], [, GP, , , Scotland, , , , , , , GP, , GP], [QF, SF, GP, , South Africa, , , , , SF, QF, SF, GP, SF], [RU, QF, GP, , Sri Lanka, GP, GP, GP, GP, GP, W, GP, SF, RU], [, GP, , , United Arab Emirates, , , , , , GP, , , ], [QF, QF, GP, , West Indies, W, W, RU, GP, GP, SF, GP, GP, S8]]",":::S6:::GP:::Zimbabwe","Table Caption===:::Section Title===Teams' performances:::Page Title===Cricket World Cup:::url===https://en.wikipedia.org/wiki/Cricket_World_Cup"
"Year:::Teams","[[1975, Australia,  East Africa†,  England,  India,  New Zealand,  Pakistan,  Sri Lanka,  West Indies], [1979, Canada], [1983, Zimbabwe], [1987, none], [1992, South Africa], [1996, Kenya,  Netherlands,  United Arab Emirates], [1999, Bangladesh,  Scotland], [2003, Namibia], [2007, Bermuda,  Ireland], [2011, none], [2015, Afghanistan], [2019, none]]","TBD:::2023","Table Caption===:::Section Title===Debutant teams:::Page Title===Cricket World Cup:::url===https://en.wikipedia.org/wiki/Cricket_World_Cup"
"Best performance:::Lost:::Tie:::NR:::Total:::Won:::Last Updated: 14 July 2019Source: ESPNcricinfo:::Latest:::Mat.:::Win%*:::First","[[Champions (1987, 1999, 2003, 2007, 2015), 23, 1, 1, 12, 69, Australia, 2019, 94, 74.73, 1975], [Champions (1983, 2011), 29, 1, 1, 12, 53, India, 2019, 84, 64.45, 1975], [Champions (1975, 1979), 35, 0, 2, 12, 43, West Indies, 2019, 80, 55.12, 1975], [Champions (2019), 32, 2, 1, 12, 48, England, 2019, 83, 59.75, 1975], [Champions (1992), 32, 0, 2, 12, 45, Pakistan, 2019, 79, 58.44, 1975], [Champions (1996), 39, 1, 2, 12, 38, Sri Lanka, 2019, 80, 49.35, 1975], [Runners-up (2015, 2019), 33, 1, 1, 12, 54, New Zealand, 2019, 89, 61.93, 1975], [Semi-finals (1992, 1999, 2007, 2015), 23, 2, 1, 8, 38, South Africa, 2019, 64, 61.90, 1992], [Semi-finals (2003), 22, 0, 1, 5, 6, Kenya, 2011, 29, 21.42, 1996], [Super 6s (1999, 2003), 42, 1, 3, 9, 11, Zimbabwe, 2015, 57, 21.29, 1983], [Quarter-finals (2015), Super 8s (2007), 25, 0, 1, 6, 14, Bangladesh, 2019, 40, 35.89, 1999], [Super 8s (2007), 13, 1, 0, 3, 7, Ireland, 2015, 21, 35.71, 2007], [Group Stage (1996, 2003, 2007, 2011), 18, 0, 0, 4, 2, Netherlands, 2011, 20, 10.00, 1996], [Group Stage (1979, 2003, 2007, 2011), 16, 0, 0, 4, 2, Canada, 2011, 18, 11.11, 1979], [Group Stage (1999, 2007, 2015), 14, 0, 0, 3, 0, Scotland, 2015, 14, 0.00, 1999], [Group Stage (2015, 2019), 14, 0, 0, 2, 1, Afghanistan, 2019, 15, 6.66, 2015], [Group Stage (1996, 2015), 10, 0, 0, 2, 1, United Arab Emirates, 2015, 11, 9.09, 1996], [Group Stage (2003), 6, 0, 0, 1, 0, Namibia, 2003, 6, 0.00, 2003], [Group Stage (2007), 3, 0, 0, 1, 0, Bermuda, 2007, 3, 0.00, 2007]]","0:::1:::1975:::Group Stage (1975):::3:::East Africa†:::0.00","Table Caption===:::Section Title===Overview:::Page Title===Cricket World Cup:::url===https://en.wikipedia.org/wiki/Cricket_World_Cup"
"Player:::Year:::Performance details","[[Martin Crowe, 1992, 456 runs], [Sanath Jayasuriya, 1996, 221 runs and 7 wickets], [Lance Klusener, 1999, 281 runs and 17 wickets], [Sachin Tendulkar, 2003, 673 runs and 2 wickets], [Glenn McGrath, 2007, 26 wickets], [Yuvraj Singh, 2011, 362 runs and 15 wickets], [Mitchell Starc, 2015, 22 wickets]]","2019:::Kane Williamson:::578 runs","Table Caption===Awards:::Section Title===Man of the tournament:::Page Title===Cricket World Cup:::url===https://en.wikipedia.org/wiki/Cricket_World_Cup"
"Player:::Year:::Performance details","[[Clive Lloyd, 1975, 102], [Viv Richards, 1979, 138*], [Mohinder Amarnath, 1983, 3/12 and 26], [David Boon, 1987, 75], [Wasim Akram, 1992, 33 and 3/49], [Aravinda de Silva, 1996, 107* and 3/42], [Shane Warne, 1999, 4/33], [Ricky Ponting, 2003, 140*], [Adam Gilchrist, 2007, 149], [Mahendra Singh Dhoni, 2011, 91*], [James Faulkner, 2015, 3/36]]","Ben Stokes:::84* and 0/20:::2019","Table Caption===Awards:::Section Title===Man of the Match in the Final:::Page Title===Cricket World Cup:::url===https://en.wikipedia.org/wiki/Cricket_World_Cup"
"2:::3:::Team","[[Sachin Tendulkar, 2,278 (1992–2011), Most runs], [Lance Klusener, 124.00 (1999–2003), Highest average (min. 10 inns.) [78], [Martin Guptill v  West Indies, 237* (2015), Highest score], [Chris Gayle & Marlon Samuels  (2nd wicket) v  Zimbabwe, 372 (2015), Highest partnership], [Sachin Tendulkar, 673 (2003), Most runs in a single world cup], [Rohit Sharma   Sachin Tendulkar, 6 (2015–2019)  6 (1992–2011), Most hundreds], [Rohit Sharma, 5 (2019), Most hundreds in a single world cup], [Glenn McGrath, 71 (1996–2007), Most wickets], [Glenn McGrath, 18.19 (1996–2007), Lowest average (min. 1000 balls bowled)], [Lasith Malinga, 24.8 (2007–2019), Best strike rate (min. 1000 balls bowled)], [Andy Roberts, 3.24 (1975–1983), Best economy rate (min. 1000 balls bowled)], [Glenn McGrath v  Namibia, 7/15 (2003), Best bowling figures], [Mitchell Starc, 27 (2019), Most wickets in a tournament], [Shoaib Akhtar, 161.3 km/h (2003)[79, Fastest bowler], [Kumar Sangakkara, 54 (2003–2015), Most dismissals (wicket-keeper)], [Ricky Ponting, 28 (1996–2011), Most catches (fielder)], [Australia v  Afghanistan, 417/6 (2015), Highest score], [Canada v  Sri Lanka, 36 (2003), Lowest score], [Australia, 74.73% (Played 94, Won 69)[80, Highest win %], [Australia, 27 (20 Jun 1999 – 19 Mar 2011, one N/R excluded)[81, Most consecutive wins]]","Most consecutive tournament wins:::3 (1999–2007):::Australia","Table Caption===World Cup records:::Section Title===Tournament records:::Page Title===Cricket World Cup:::url===https://en.wikipedia.org/wiki/Cricket_World_Cup"
"Composer:::Producer(s)[n 1]:::Year:::Film:::Screenwriter:::Novel by J. K. Rowling:::Rating:::Director","[[John Williams, David Heyman, 2001, Harry Potter and thePhilosopher's Stone, Steve Kloves, Harry Potter and thePhilosopher's Stone (1997), PG, Chris Columbus], [2002, Harry Potter and theChamber of Secrets, Harry Potter and theChamber of Secrets (1998)], [Harry Potter and thePrisoner of Azkaban (1999), 2004, Harry Potter and thePrisoner of Azkaban, David Heyman, Chris Columbus and Mark Radcliffe, Alfonso Cuarón], [PG-13, Patrick Doyle, 2005, Harry Potter and theGoblet of Fire, David Heyman, Harry Potter and theGoblet of Fire (2000), Mike Newell], [Nicholas Hooper, David Heyman and David Barron, 2007, Harry Potter and theOrder of the Phoenix, Michael Goldenberg, Harry Potter and theOrder of the Phoenix (2003), David Yates], [Harry Potter and theHalf-Blood Prince (2005), 2009, Harry Potter and theHalf-Blood Prince, PG, Steve Kloves], [Harry Potter and theDeathly Hallows (2007), PG-13, 2010, Harry Potter and theDeathly Hallows – Part 1, Alexandre Desplat, David Heyman, David Barron and J. K. Rowling]]","Harry Potter and theDeathly Hallows – Part 2:::2011","Table Caption===:::Section Title===Production:::Page Title===Harry Potter (film series):::url===https://en.wikipedia.org/wiki/Harry_Potter_(film_series)"
"Film:::CinemaScore:::Rotten Tomatoes:::Metacritic","[[Philosopher's Stone, A[88, 81% (7.06/10 average rating) (196 reviews)[86, 64 (36 reviews)[87], [Chamber of Secrets, A+[88, 83% (7.21/10 average rating) (235 reviews)[89, 63 (35 reviews)[90], [Prisoner of Azkaban, A[88, 90% (7.85/10 average rating) (256 reviews)[91, 82 (40 reviews)[92], [Goblet of Fire, A[88, 88% (7.45/10 average rating) (251 reviews)[93, 81 (38 reviews)[94], [Order of the Phoenix, A−[88, 78% (6.90/10 average rating) (250 reviews)[95, 71 (37 reviews)[96], [Half-Blood Prince, A−[88, 83% (7.12/10 average rating) (276 reviews)[97, 78 (36 reviews)[98], [Deathly Hallows – Part 1, A[88, 77% (7.13/10 average rating) (273 reviews)[99, 65 (42 reviews)[100]]","87 (41 reviews)[102]:::Deathly Hallows – Part 2:::A[88]:::96% (8.33/10 average rating) (324 reviews)[101]","Table Caption===:::Section Title===Critical and public response:::Page Title===Harry Potter (film series):::url===https://en.wikipedia.org/wiki/Harry_Potter_(film_series)"
"Motion Picture:::Academy Award ceremony:::Academy Award nominee:::Academy Award nomination","[[Harry Potter and the Philosopher's Stone, 74th Academy Awards, Stuart Craig and Stephenie McMillanJudianna MakovskyJohn Williams, Best Art DirectionBest Costume DesignBest Original Score], [Harry Potter and the Prisoner of Azkaban, 77th Academy Awards, John WilliamsRoger Guyett, Tim Burke, John Richardson and Bill George, Best Original ScoreBest Visual Effects], [Harry Potter and the Goblet of Fire, 78th Academy Awards, Stuart Craig and Stephenie McMillan, Best Art Direction], [Harry Potter and the Half-Blood Prince, 82nd Academy Awards, Bruno Delbonnel, Best Cinematography], [Harry Potter and the Deathly Hallows – Part 1, 83rd Academy Awards, Stuart Craig and Stephenie McMillanTim Burke, John Richardson, Christian Manz and Nicolas Aithadi, Best Art DirectionBest Visual Effects]]","84th Academy Awards:::Best Art DirectionBest MakeupBest Visual Effects:::Harry Potter and the Deathly Hallows – Part 2:::Stuart Craig and Stephenie McMillanNick Dudman, Amanda Knight and Lisa TomblinTim Burke, David Vickery, Greg Butler and John Richardson","Table Caption===:::Section Title===Accolades:::Page Title===Harry Potter (film series):::url===https://en.wikipedia.org/wiki/Harry_Potter_(film_series)"
"Pages:::Release date:::Country:::Edition(Hardback/Paperback):::Publisher","[[223, 1 December 1998[96[97, Canada, Hardback Children's Edition, Raincoast], [Paperback Adult Edition (Original)], [Hardback Signature Special Edition, 1 November 1999[98], [Paperback Children's Edition, 31 August 2000[99], [Paperback Magic Edition, 16 October 2002[100], [Hardback Adult Edition (Re-issue with new cover), 4 October 2004[101, 336], [Paperback Adult Edition (Re-issue with new cover), 12 January 2011[102[103, Bloomsbury, 223], [Paperback Harry Potter Signature Edition], [Paperback Adult Edition (Re-issue with new cover), 27 August 2013[104], [26 June 1997[105[106, United Kingdom, Hardback Children's Edition], [Paperback Children's Edition], [Paperback Adult Edition (Original), 11 September 1998[107], [Hardback Signature Special Edition, 27 September 1999[108], [Paperback Special Edition, 8 October 2001[109], [Hardback Adult Edition (Re-issue with new cover), 10 July 2004[110, 336], [Paperback Adult Edition (Re-issue with new cover), 4 October 2004[111, 223], [Paperback Harry Potter Signature Edition, 1 November 2010[112], [Paperback Adult Edition (Re-issue with new cover), 18 July 2013[113], [Hardcover Illustrated Edition (Illustrated by Jim Kay), 6 October 2015[114, 256], [309, 1 September 1998[115, United States, Hardback, Arthur A. Levine/Scholastic], [Paperback, 8 September 1999[116], [Hardback Collector's Edition, 1 November 2000[117], [Mass Market Paperback, 1 November 2001[118, 400], [Paperback (Exclusive Scholastic School Market Edition), September 2008[119, 309], [Hardback 10th Anniversary Edition, 1 October 2008[41], [Paperback (Re-issue with new cover), 27 August 2013[120, 336]]","6 October 2015[121]:::256:::Hardcover Illustrated Edition (Illustrated by Jim Kay)","Table Caption===:::Section Title===Release history:::Page Title===Harry Potter and the Philosopher's Stone:::url===https://en.wikipedia.org/wiki/Harry_Potter_and_the_Philosopher%27s_Stone"
"Release date:::Platform:::GameRankings:::Developer:::Metacritic:::Genre:::Notes","[[15 November 2001, Microsoft Windows, 67.35%[80, KnowWonder, 65/100[81, Adventure/puzzle, ], [PlayStation, Action-adventure, 64/100[83, Argonaut, , 66.98%[82], [Game Boy Color, Role-playing game, N/A, Griptonite, , 73%[84], [Action puzzle, 68.37%[85, , Game Boy Advance, 64/100[86], [28 February 2002, Mac OS X, N/A, Aspyr, N/A, Adventure/puzzle, Port of Windows version[87], [9 December 2003, GameCube, 63.31%[88, Warthog, 62/100[89, Action-adventure, ], [57.90%[90, 56/100[91, PlayStation 2, ]]",":::61.82%[92]:::Xbox:::59/100[93]","Table Caption===:::Section Title===Video games:::Page Title===Harry Potter and the Philosopher's Stone:::url===https://en.wikipedia.org/wiki/Harry_Potter_and_the_Philosopher%27s_Stone"
"Legend::::min:::6:::lifespan:::7:::8:::ended:::final OS","[[iPhone OS 1.0, June 29, 2007 (2007-06-29), 2 years, 11 months, iPhone OS 3.1.3, 2 years, $499/$599*, June 9, 2008 (2008-06-09), June 20, 2010 (2010-06-20)], [iPhone OS 2.0, July 11, 2008 (2008-07-11), 2 years, 7 months, iOS 4.2.1, 6 months, $199/$299*$499, August 9, 2010 (2010-08-09), March 3, 2011 (2011-03-03)], [iPhone OS 3.0, June 19, 2009 (2009-06-19), 4 years, 2 months, iOS 6.1.6, 1 year, $199/$299*$599/$699, September 12, 2012 (2012-09-12), September 18, 2013 (2013-09-18)], [iOS 4.0, June 21, 2010 (2010-06-21), 4 years, 2 months, iOS 7.1.2, 1 year, $199/$299*$649/$749, September 10, 2013 (2013-09-10), September 17, 2014 (2014-09-17)], [iOS 5.0, October 14, 2011 (2011-10-14), 4 years, 10 months, iOS 9.3.5, 2 years, $199/$299/$399*$649/$749/$849, September 9, 2014 (2014-09-09), September 12, 2016 (2016-09-12)], [iOS 6.0, September 21, 2012 (2012-09-21), 4 years, 11 months, iOS 10.3.3, 4 years, $199/$299/$399*$649/$749/$849, September 10, 2013 (2013-09-10), September 18, 2017 (2017-09-18)], [iOS 7.0, September 20, 2013 (2013-09-20), 3 years, 11 months, iOS 10.3.3, 2 years, $99/$199*$549/$649, September 9, 2015 (2015-09-09), September 18, 2017 (2017-09-18)], [iOS 7.0, September 20, 2013 (2013-09-20), 6 years, iOS 12.4.2, 3 years, 6 months, $199/$299/$399*$649/$749/$849, March 21, 2016 (2016-03-21), September 26, 2019 (2019-09-26)], [iOS 8.0, September 19, 2014 (2014-09-19), 5 years, iOS 12.4.2, 3 years, $199/$299/$399*$649/$749/$849Plus:$299/$399/$499*Plus:$749/$849/$949, September 7, 2016 (2016-09-07), September 26, 2019 (2019-09-26)], [iOS 9.0.1, September 25, 2015 (2015-09-25), > 4 years, 1 month, latest iOS, > 1 year, 1 month, $199/$299/$399*$649/$749/$849Plus:$299/$399/$499*Plus:$749/$849/$949, September 12, 2018 (2018-09-12), current], [iOS 9.3, March 31, 2016 (2016-03-31), > 3 years, 6 months, latest iOS, > 1 year, 1 month, $399/$499*, September 12, 2018 (2018-09-12), current], [iOS 10.0, September 16, 2016 (2016-09-16), > 3 years, 1 month, latest iOS, > 1 month, $199/$299/$399*$649/$749/$849Plus:$319/$419/$519*Plus:$769/$869/$969, September 10, 2019 (2019-09-10), current], [iOS 11.0, September 22, 2017 (2017-09-22), > 2 years, 1 month, latest iOS, , $699/$849Plus:$799/$949, (), current], [iOS 11.1, November 3, 2017 (2017-11-03), > 1 year, 11 months, latest iOS, > 1 year, 1 month, $549/$699*$999/$1149, September 12, 2018 (2018-09-12), current], [iOS 12.0, September 21, 2018 (2018-09-21), > 1 year, 1 month, latest iOS, > 1 month, $999/$1149/$1349Max:$1099/$1249/$1449, September 10, 2019 (2019-09-10), current], [iOS 12.0, October 26, 2018 (2018-10-26), > 1 year, latest iOS, , $749/$799/$899, (), current], [iOS 13.0, September 20, 2019 (2019-09-20), > 1 month, latest iOS, , $699/$749/$849, (), current], [iOS 13.0, September 20, 2019 (2019-09-20), > 1 month, latest iOS, , $999/$1149/$1349Max:$1099/$1249/$1449, (), current], [Legend:

  Discontinued and unsupported

  Discontinued, but still supported

  Current or still sold

*24-month contract required, Discontinued and unsupported, *24-month contract required, Discontinued, but still supported, Current or still sold]]","Discontinued, but still supported:::*24-month contract required:::Discontinued and unsupported:::Current or still sold","Table Caption===Operating system support:::Section Title===History and availability:::Page Title===iPhone:::url===https://en.wikipedia.org/wiki/IPhone"
"Others:::Xiaomi:::Oppo:::Reference:::Samsung:::Huawei:::Apple Inc.:::Source:::Date","[[39.0%, 8.8%, 7.6%, [146, 19.3%, 13.3%, 11.9%, Gartner, Q2 2018]]","Q2 2018:::21.0%:::12.1%:::IDC:::32.9%:::[147]:::15.9%:::9.5%:::8.6%","Table Caption===Worldwide smartphones producers market share:::Section Title===Sales:::Page Title===Smartphone:::url===https://en.wikipedia.org/wiki/Smartphone"
"Level Cap:::Title:::Release Date","[[70, The Burning Crusade, January 2007], [80, Wrath of the Lich King, November 2008], [85, Cataclysm, December 2010], [90, Mists of Pandaria, September 2012], [100, Warlords of Draenor, November 2014], [110, Legion, August 2016]]","Battle for Azeroth:::120:::August 2018","Table Caption===:::Section Title===Expansions:::Page Title===World of Warcraft:::url===https://en.wikipedia.org/wiki/World_of_Warcraft"
"Score:::Publication","[[92%[78, GameRankings], [93/100[79, Metacritic], [A[80, 1UP.com], [9 out of 10[81, Edge], [8 out of 10[82, Eurogamer], [9.5 out of 10[83, Game Informer], [4.5 out of 5[84, GamePro], [93%[81, GamesMaster], [9.5 out of 10[10, GameSpot], [[21, GameSpy], [9.1 out of 10[20, IGN], [94%[81, PC Gamer (UK)]]","95%[81]:::PC Zone","Table Caption===Reception:::Section Title===Reception:::Page Title===World of Warcraft:::url===https://en.wikipedia.org/wiki/World_of_Warcraft"
